QUOTE_DATE,Put_Call_Ratio,IV_Proxy,LTF_Ratio,Market_Phase
2020-01-02,1.5503588077138823,0.07239004072712799,0.30640394088669953,Pandemic
2020-01-03,1.3255850479032512,0.09678551374336175,0.19521531100478468,Pandemic
2020-01-06,1.2634638796180506,0.08987105108428974,0.2552083333333333,Pandemic
2020-01-07,1.4008079461924494,0.07822544030759133,0.31785883467550924,Pandemic
2020-01-08,1.3727714624717724,0.08613485347072697,0.27892756349952963,Pandemic
2020-01-09,1.5848821764613,0.07227223017871967,0.3972286374133949,Pandemic
2020-01-10,1.5667523503082814,0.08431709994885399,0.3000914913083257,Pandemic
2020-01-13,1.4383038566492508,0.06838783550510649,0.3455473098330241,Pandemic
2020-01-14,1.6160544557307168,0.06903342270259925,0.3684210526315789,Pandemic
2020-01-15,1.4341968631204458,0.0710988368194536,0.2870076957899502,Pandemic
2020-01-16,1.6064493361819014,0.06360531831304926,0.4213636363636364,Pandemic
2020-01-17,1.6479524205093763,0.06728624171311437,0.3793714032757857,Pandemic
2020-01-21,1.4115454091241015,0.06078132636435263,0.41868987631699495,Pandemic
2020-01-22,1.5354769450976382,0.05916774644164279,0.3197374589779653,Pandemic
2020-01-23,1.3366925938451133,0.06845748198809663,0.37839080459770114,Pandemic
2020-01-24,1.7832771693344567,0.08311546453871475,0.32821229050279327,Pandemic
2020-01-27,1.4058866547794149,0.08718432062213849,0.3536067892503536,Pandemic
2020-01-28,1.294249690381175,0.06881949836057438,0.24579736483416628,Pandemic
2020-01-29,1.3781375581224096,0.08242065336514828,0.4414253897550111,Pandemic
2020-01-30,1.3239533353047228,0.0824622382957555,0.42727272727272725,Pandemic
2020-01-31,1.4348874818408575,0.13615078378694032,0.1676430824695809,Pandemic
2020-02-03,1.1836807780751688,0.09570034582002825,0.4271978021978022,Pandemic
2020-02-04,1.5030896292444906,0.06743724796595844,0.44532340623545835,Pandemic
2020-02-05,1.5476650308690834,0.05709967503763731,0.5454122030740568,Pandemic
2020-02-06,1.6873029231891377,0.05341476169634581,0.45072992700729925,Pandemic
2020-02-07,1.5210494597735784,0.06166589496521155,0.2992441084926634,Pandemic
2020-02-10,1.5233199240366748,0.06351470106706304,0.43099598034836983,Pandemic
2020-02-11,1.239058909114958,0.05218448097276408,0.4981851179673321,Pandemic
2020-02-12,1.4968662037905798,0.05224978186949035,0.5517705064993277,Pandemic
2020-02-13,1.461227719085959,0.05231972837041792,0.44345105051408135,Pandemic
2020-02-14,1.5760439603265848,0.06021672490219263,0.4976159514521023,Pandemic
2020-02-18,1.4668087314817728,0.06033643748341552,0.5703671328671329,Pandemic
2020-02-19,1.4806276044624216,0.050478665311733915,0.5714285714285714,Pandemic
2020-02-20,1.602265179549552,0.06020338661183448,0.5993897122929381,Pandemic
2020-02-21,1.4482406976183977,0.0837892038764077,0.5104257167680278,Pandemic
2020-02-24,1.2620368249068525,0.12490472273629658,0.29192253188474254,Pandemic
2020-02-25,1.1311616560235345,0.15183422756496512,0.27885047148630443,Pandemic
2020-02-26,1.3362065545713686,0.13753392321606894,0.305578684429642,Pandemic
2020-02-27,1.0225749089491352,0.21907447923256396,0.15381443298969072,Pandemic
2020-02-28,0.8327235298687174,0.3636557375210588,0.023048327137546468,Pandemic
2020-03-02,0.9825446439388432,0.196011289812039,0.2176360225140713,Pandemic
2020-03-03,1.1285896378495914,0.2461173083717857,0.06924493554327808,Pandemic
2020-03-04,1.0923029051511979,0.12222466954618577,0.13476490188818957,Pandemic
2020-03-05,1.1185264477050807,0.18399971049624325,0.03913679590343819,Pandemic
2020-03-06,1.1008445009298833,0.2981643007919326,0.023381294964028777,Pandemic
2020-03-09,0.8744241862524036,0.3541115159767565,0.013582342954159592,Pandemic
2020-03-10,1.098018237895036,0.2733703352373415,0.024739583333333332,Pandemic
2020-03-11,0.9313933435090292,0.36674065121395866,0.005655355954757153,Pandemic
2020-03-12,0.7690068431801081,0.550985711013735,0.008272351256761056,Pandemic
2020-03-13,1.0365408907139095,0.6244088831937784,0.0,Pandemic
2020-03-16,0.977717739886002,0.568230505999961,0.002936857562408223,Pandemic
2020-03-17,1.0637715912922927,0.38025977434833513,0.00363433044450657,Pandemic
2020-03-18,0.7806161813665909,0.4941386031493726,5.52791597567717E-4,Pandemic
2020-03-19,0.7133769787281963,0.45684004432936043,0.003017832647462277,Pandemic
2020-03-20,0.8708020440491261,0.5373656004028076,0.007512520868113523,Pandemic
2020-03-23,0.7645889612677647,0.5369005653733536,0.025806451612903226,Pandemic
2020-03-24,0.8142170983887634,0.2750315859847998,0.004727474972191324,Pandemic
2020-03-25,0.9664686412369942,0.31525322872584155,0.011771000535045479,Pandemic
2020-03-26,1.0510605287062147,0.23302988786093004,0.011684782608695652,Pandemic
2020-03-27,1.0134400697773533,0.2509569589951246,0.015549597855227882,Pandemic
2020-03-30,1.1312088033825076,0.21634364748256663,0.05101763907734057,Pandemic
2020-03-31,1.1909649232893045,0.2912430917629316,0.03532983715153188,Pandemic
2020-04-01,1.004331154876505,0.27437414684856926,0.03741007194244604,Pandemic
2020-04-02,1.2425659920445355,0.24507043036819562,0.038396860986547085,Pandemic
2020-04-03,1.2983411122363613,0.2697163130684322,0.03954185983092446,Pandemic
2020-04-06,1.347137028766336,0.18697163819069174,0.03819643882825962,Pandemic
2020-04-07,1.283842861200146,0.14522819739112766,0.06862745098039216,Pandemic
2020-04-08,1.2548633833787495,0.19793933232435715,0.04755434782608696,Pandemic
2020-04-09,1.324282808820381,0.11228432457367739,0.05738605161998902,Pandemic
2020-04-13,1.3053212402064367,0.10569122919429783,0.0664819944598338,Pandemic
2020-04-14,1.4701654629253562,0.10175745112905578,0.08143507972665148,Pandemic
2020-04-15,1.4647141958821295,0.09287823097761885,0.08694452111509798,Pandemic
2020-04-16,1.2988989876597945,0.10342874151483518,0.09591326105087573,Pandemic
2020-04-17,1.386508120060696,0.102855412722411,0.07221438645980253,Pandemic
2020-04-20,1.5160459548097625,0.07171920970707717,0.09130184331797235,Pandemic
2020-04-21,1.3989978384751425,0.07664396330240619,0.10330699443956687,Pandemic
2020-04-22,1.4223948877132018,0.11503345073490831,0.10760931289040318,Pandemic
2020-04-23,1.5604825450759028,0.07623301496803164,0.10754553339115351,Pandemic
2020-04-24,1.3856201657551706,0.0855557592037902,0.09940017137960583,Pandemic
2020-04-27,1.5787155060601994,0.08036657563060755,0.11433597185576078,Pandemic
2020-04-28,1.4940651295402514,0.08544042902277506,0.08645276292335116,Pandemic
2020-04-29,1.4540897628293392,0.06712459997656813,0.08011958146487294,Pandemic
2020-04-30,1.3140596876685906,0.08775103297906442,0.08066394874781596,Pandemic
2020-05-01,1.3288587045588194,0.1155765454978282,0.0969281240679988,Pandemic
2020-05-04,1.254514853067503,0.11148853335286614,0.10410557184750734,Pandemic
2020-05-05,1.3950341395867225,0.10153810903651903,0.11804733727810651,Pandemic
2020-05-06,1.1698106097311498,0.1010192679845635,0.12612091408735898,Pandemic
2020-05-07,1.5774784315751407,0.0968907130591876,0.13628318584070798,Pandemic
2020-05-08,1.5237368435984,0.0995578789574806,0.10588235294117647,Pandemic
2020-05-11,1.4606716340561767,0.09762007753570294,0.13734290843806105,Pandemic
2020-05-12,1.5792560841487833,0.11895600463719312,0.08511278195488722,Pandemic
2020-05-13,1.4043458666877284,0.15180270492159792,0.047734873821830344,Pandemic
2020-05-14,1.3484292468693744,0.14197014290038731,0.09195751138088012,Pandemic
2020-05-15,1.1466093120089846,0.1489551849820707,0.0765792610250298,Pandemic
2020-05-18,1.5480716742541882,0.09095836901087392,0.13072733098365907,Pandemic
2020-05-19,1.3659968159178533,0.0819714312709694,0.11008039579468151,Pandemic
2020-05-20,1.4667663570351408,0.07359167569182735,0.15273951637588,Pandemic
2020-05-21,1.4542145882739996,0.08164903620119368,0.10223741454319453,Pandemic
2020-05-22,1.3887429187612959,0.10055886468184161,0.13026235509456985,Pandemic
2020-05-26,1.4541199054140281,0.09638603603377074,0.13751962323390896,Pandemic
2020-05-27,1.617492603296424,0.09885687447869539,0.20713391739674594,Pandemic
2020-05-28,1.4594872282172955,0.07789988008006372,0.14857142857142858,Pandemic
2020-05-29,1.4561867302856406,0.09994782577032614,0.1396508728179551,Pandemic
2020-06-01,1.4302954336768157,0.061326312958479325,0.1761801912989818,Pandemic
2020-06-02,1.3842813865153494,0.0556808325192805,0.20524155352068205,Pandemic
2020-06-03,1.367200322735738,0.05659371718289446,0.228343949044586,Pandemic
2020-06-04,1.1880783197210796,0.05835729076426694,0.17092154420921543,Pandemic
2020-06-05,1.416911436203078,0.07349827333410358,0.15767634854771784,Pandemic
2020-06-08,1.3661360092845503,0.04741627318749045,0.17516020750686603,Pandemic
2020-06-09,1.2280081675229988,0.05375444176989238,0.17487163998791905,Pandemic
2020-06-10,1.4086119519354248,0.055093986262236126,0.1719939117199391,Pandemic
2020-06-11,1.4946965850386402,0.13375103000977323,0.016123614376889486,Pandemic
2020-06-12,1.2928829535257835,0.15471974504369523,0.04974968710888611,Pandemic
2020-06-15,1.236200372782568,0.11987103707957032,0.07576706324358172,Pandemic
2020-06-16,1.4486039413693055,0.08805107937034301,0.0675888085507702,Pandemic
2020-06-17,1.3182604655143952,0.07777148109158996,0.09362962962962963,Pandemic
2020-06-19,1.3019855833681295,0.10160905248828948,0.11645724793135152,Pandemic
2020-06-22,1.2955024553838783,0.08342267906172304,0.17693274670018855,Pandemic
2020-06-23,1.4258493067631401,0.06786430112123533,0.17932148626817448,Pandemic
2020-06-24,1.2460253880522385,0.12011325496737395,0.12627090849458839,Pandemic
2020-06-25,1.2514575806652548,0.09067230230172332,0.14235444657709534,Pandemic
2020-06-26,1.234062734105024,0.1304461998932908,0.08961817608078258,Pandemic
2020-06-29,1.1596676262125354,0.1183073517848649,0.14806594800253647,Pandemic
2020-06-30,1.2023524945577062,0.14243969343653923,0.11507293354943274,Pandemic
2020-07-01,1.3312973552781706,0.08346300797364618,0.13138686131386862,Pandemic
2020-07-02,1.3990635544490642,0.07953825517135028,0.12521150592216582,Pandemic
2020-07-06,1.2793722361917974,0.06364574652437181,0.15187310158623019,Pandemic
2020-07-07,1.3308596987848174,0.057534399955508395,0.15163796014859846,Pandemic
2020-07-08,1.1032853702217007,0.07530587481392542,0.1574777154176296,Pandemic
2020-07-09,1.259018759018759,0.07703746134909663,0.18904294893473114,Pandemic
2020-07-10,1.2865622411211686,0.07525432632268797,0.2021985343104597,Pandemic
2020-07-13,1.4212807330821096,0.06866041497079305,0.1529250769757099,Pandemic
2020-07-14,1.329870568754013,0.060644219321337546,0.15338245144005358,Pandemic
2020-07-15,1.417837431872834,0.05675479012430319,0.20927903871829107,Pandemic
2020-07-16,1.2535528112200571,0.057534407314887764,0.17750497677504976,Pandemic
2020-07-17,1.3892756540937428,0.0643843692567241,0.21505739365293722,Pandemic
2020-07-20,1.6491416545867947,0.04406339241136392,0.20083974807557733,Pandemic
2020-07-21,1.5268745394252026,0.04432667317869283,0.18555240793201133,Pandemic
2020-07-22,1.3924256100844061,0.059820000487305826,0.22803995866345161,Pandemic
2020-07-23,1.2561231219270124,0.0561391240455623,0.159273489346839,Pandemic
2020-07-24,1.399716174328715,0.06863380371298834,0.16781529979324603,Pandemic
2020-07-27,1.2876541345014827,0.06283370348026097,0.22002724795640327,Pandemic
2020-07-28,1.2730996132670662,0.07107116138457667,0.23720608575380359,Pandemic
2020-07-29,1.3648829513823315,0.06396317194848528,0.19114139693356047,Pandemic
2020-07-30,1.468604263146329,0.05829265061323033,0.2167128987517337,Pandemic
2020-07-31,1.1883830346159994,0.07505525643392788,0.14929480564155487,Pandemic
2020-08-03,1.4184462485794294,0.052712369270197255,0.2609582059123344,Pandemic
2020-08-04,1.5426537386443047,0.049444073584754285,0.2627986348122867,Pandemic
2020-08-05,1.4819427331951218,0.055079445765100675,0.3008157715839565,Pandemic
2020-08-06,1.6582227341493605,0.04156315222953671,0.2741827885256838,Pandemic
2020-08-07,1.5063037537512365,0.057127215828392114,0.27405927405927405,Pandemic
2020-08-10,1.3800889594016488,0.050449118427433014,0.349385586183992,Pandemic
2020-08-11,1.4449742824193628,0.06412958466342761,0.22789456122789456,Pandemic
2020-08-12,1.3409916815717002,0.05336405469218138,0.2768361581920904,Pandemic
2020-08-13,1.578417868289366,0.05073060474672688,0.2688910696761531,Pandemic
2020-08-14,1.40438301666781,0.06587480995653473,0.2801696020874103,Pandemic
2020-08-17,1.5044705304147292,0.06705930758031695,0.28348806366047746,Pandemic
2020-08-18,1.5675856148049223,0.04878583092916536,0.29460013670539986,Pandemic
2020-08-19,1.3869046167849104,0.05925681238446096,0.27294117647058824,Pandemic
2020-08-20,1.5380676437067595,0.056349430036354245,0.3129043241402792,Pandemic
2020-08-21,1.44637958063884,0.060222161505003584,0.27524484971293484,Pandemic
2020-08-24,1.5409313615988325,0.05072660099557123,0.30918044319380933,Pandemic
2020-08-25,1.6268785209207468,0.043778954274702964,0.3407222023596711,Pandemic
2020-08-26,1.6606805172237555,0.03579108643806583,0.2903575297941495,Pandemic
2020-08-27,2.120321493306198,0.030573845118139122,0.20795660036166366,Pandemic
2020-08-28,1.5407622015905416,0.04718113744476546,0.24678036895231464,Pandemic
2020-08-31,1.5780337964043893,0.04783833075080952,0.21256038647342995,Pandemic
2020-09-01,1.3778039497082957,0.040904851414082476,0.19816138917262513,Pandemic
2020-09-02,1.3534949151222984,0.03418281515493761,0.29442327675788016,Pandemic
2020-09-03,1.796792442391214,0.04964706518567286,0.17541387812610074,Pandemic
2020-09-04,1.4235414557835648,0.07788450778835,0.1959412176347096,Pandemic
2020-09-08,1.2065482967264913,0.08465269120624462,0.1341421143847487,Pandemic
2020-09-09,1.5581893646457838,0.07481246929816675,0.17155835080363382,Pandemic
2020-09-10,1.3972023221343874,0.09436239601592471,0.13854166666666667,Pandemic
2020-09-11,1.3330074599927806,0.1121234976251296,0.15997300033749579,Pandemic
2020-09-14,1.3528432887478063,0.09322294520130782,0.23529411764705882,Pandemic
2020-09-15,1.3573124258137066,0.08188797614740927,0.24680262703076392,Pandemic
2020-09-16,1.5802956618093236,0.09392632040340743,0.20321587410195005,Pandemic
2020-09-17,1.2680525773482971,0.09319857726779758,0.17197452229299362,Pandemic
2020-09-18,1.1951854514367872,0.10717234926966189,0.18397524071526822,Pandemic
2020-09-21,0.9768582074916651,0.1114711117896126,0.18649045521292218,Pandemic
2020-09-22,1.2144501098966158,0.09145126192126694,0.21140819964349375,Pandemic
2020-09-23,1.189871902310547,0.10569182736905908,0.18255649717514125,Pandemic
2020-09-24,1.2236362621502443,0.11446933774200675,0.20175746924428822,Pandemic
2020-09-25,1.3030530940501899,0.11267182046718736,0.16279875303082786,Pandemic
2020-09-28,1.421431391255716,0.08218980935441109,0.15659722222222222,Pandemic
2020-09-29,1.5503808448801473,0.08019181257855754,0.19818562456385205,Pandemic
2020-09-30,1.4514360934687867,0.08676000091054935,0.13183730715287517,Pandemic
2020-10-01,1.1315571162783205,0.05441782833661987,0.1436265709156194,Pandemic
2020-10-02,1.3538227704923826,0.08155162643947807,0.132829373650108,Pandemic
2020-10-05,1.5372742638555288,0.05920718064936834,0.14941262848751835,Pandemic
2020-10-06,1.5272814875269176,0.062158100476557364,0.08736842105263158,Pandemic
2020-10-07,1.6432063545337585,0.06205388565872613,0.14956217162872154,Pandemic
2020-10-08,1.5996887596857337,0.06279967790587968,0.18010471204188483,Pandemic
2020-10-09,1.6023530056041329,0.06855239986068666,0.15643426985778702,Pandemic
2020-10-12,1.6972609710588595,0.05663813627146385,0.20641562064156208,Pandemic
2020-10-13,1.7298198062540782,0.0466394329950559,0.2128446536650975,Pandemic
2020-10-14,1.6459455002279717,0.05979441791908738,0.17295492487479133,Pandemic
2020-10-15,1.8389242274465982,0.05539904315820014,0.18237288135593221,Pandemic
2020-10-16,1.4615115640141865,0.06395905619460332,0.14735432016075017,Pandemic
2020-10-19,1.5684603141120295,0.062067210491033906,0.12288896873877111,Pandemic
2020-10-20,1.5321204468931742,0.07108494202177906,0.1487603305785124,Pandemic
2020-10-21,1.534376680007168,0.06803502501547552,0.15351036740632956,Pandemic
2020-10-22,1.4769360251195012,0.062461131758995245,0.19076812116840966,Pandemic
2020-10-23,1.835033994040977,0.07416103912187978,0.15226781857451405,Pandemic
2020-10-26,1.486499000640516,0.08933843063547185,0.1404494382022472,Pandemic
2020-10-27,1.313682782260944,0.08198536976354216,0.09926739926739926,Pandemic
2020-10-28,1.1794771728427675,0.12264905464651767,0.023972602739726026,Pandemic
2020-10-29,1.1193015774867685,0.10023008241116599,0.07258354293927416,Pandemic
2020-10-30,1.000885491042198,0.10846157421759772,0.030906593406593408,Pandemic
2020-11-02,1.1000593744096294,0.07334546510369755,0.0579370395177495,Pandemic
2020-11-03,1.2543397407708303,0.055887613241811504,0.041105354058721934,Pandemic
2020-11-04,1.588136213282929,0.07717725375979764,0.056699291258859266,Pandemic
2020-11-05,1.7854840092600532,0.059979290809210266,0.12278945612278945,Pandemic
2020-11-06,1.7655003308294088,0.06125409766572376,0.14860480207657364,Pandemic
2020-11-09,2.1339546066879254,0.05402473668496557,0.08393207054212933,Pandemic
2020-11-10,1.9021358300837308,0.06177001742158875,0.17069294342021615,Pandemic
2020-11-11,1.7973850942312923,0.06481601113994716,0.21642969984202212,Pandemic
2020-11-12,1.9127914999310058,0.06323015724544043,0.1788036410923277,Pandemic
2020-11-13,1.8774457000724651,0.05918849248556751,0.18699450016175995,Pandemic
2020-11-16,1.9217827239560092,0.05891832909109131,0.19747491097442538,Pandemic
2020-11-17,2.0987753769117727,0.06147025390273709,0.23665594855305466,Pandemic
2020-11-18,1.7376171352074967,0.07545990976885802,0.1979565772669221,Pandemic
2020-11-19,1.7185955927435352,0.07747447891933612,0.2552776875608964,Pandemic
2020-11-20,1.7984291935437355,0.07978669001428564,0.1746031746031746,Pandemic
2020-11-23,1.7959106083086054,0.076943388359156,0.24872405580129295,Pandemic
2020-11-24,1.7412199943998032,0.051457604092405754,0.23381169058452922,Pandemic
2020-11-25,1.931114465962148,0.0648899490367373,0.28542713567839195,Pandemic
2020-11-30,1.8572708859851947,0.07706107175990727,0.20982920878354827,Pandemic
2020-12-01,1.8751279512694443,0.059624124904006155,0.28289241622574957,Pandemic
2020-12-02,1.4927758696778402,0.06751046283377167,0.31262729124236255,Pandemic
2020-12-03,1.6984010954503803,0.06844524035886487,0.22693531283138918,Pandemic
2020-12-04,1.8428730625063316,0.06773191514394532,0.3054508056222146,Pandemic
2020-12-07,1.6110644319639145,0.07424889656358814,0.2566219470244238,Pandemic
2020-12-08,1.7096562686270613,0.07051772017163073,0.27991675338189387,Pandemic
2020-12-09,1.741296241600827,0.0819002054364458,0.2538913870632999,Pandemic
2020-12-10,1.5480197144932943,0.0766435585393116,0.2822802197802198,Pandemic
2020-12-11,1.8287711584963728,0.08953459808095339,0.2222222222222222,Pandemic
2020-12-14,1.660526380338002,0.08534287412917896,0.19694819020581972,Pandemic
2020-12-15,1.8265914759787443,0.07418564404800926,0.2375305197070108,Pandemic
2020-12-16,1.5567224455954853,0.07645610063881633,0.2407845789651674,Pandemic
2020-12-17,1.3009629223221457,0.06930075154168856,0.24040474528960223,Pandemic
2020-12-18,1.8123091921290952,0.0986319450500677,0.10693932282936641,Pandemic
2020-12-21,1.5953335086877813,0.0898334049537506,0.15188953488372092,Pandemic
2020-12-22,1.6079577479489802,0.07456380110778836,0.22516082916368835,Pandemic
2020-12-23,1.5591981721136323,0.09008246558499565,0.1874125874125874,Pandemic
2020-12-28,1.6883716883455866,0.0736900526415008,0.19042437431991294,Pandemic
2020-12-29,2.0211907164480323,0.06364534373291772,0.17533166009322337,Pandemic
2020-12-30,1.686570274588415,0.07948589465152404,0.13878260869565218,Pandemic
2020-12-31,1.7402094364900704,0.0788054591935822,0.08697195598154064,Pandemic
2021-01-04,1.2627058825123323,0.08433150509494526,0.1380683703949552,Optimism
2021-01-05,2.074863183497825,0.06841936578900039,0.1596497137083193,Optimism
2021-01-06,1.7771612424569734,0.0888170077057652,0.0389652914210871,Optimism
2021-01-07,1.1854100968240404,0.056830570723746546,0.1865066493674992,Optimism
2021-01-08,1.240485862848106,0.06396085752970594,0.15218073423282083,Optimism
2021-01-11,1.5307410769745329,0.06614528774700311,0.17743460447526,Optimism
2021-01-12,1.2671688902146343,0.06664055585101651,0.18968809675366008,Optimism
2021-01-13,1.7926876359408792,0.07670213405502456,0.1991869918699187,Optimism
2021-01-14,1.0987719494951382,0.07483136664691711,0.10587496072887213,Optimism
2021-01-15,1.3216112615374294,0.09993387622907626,0.11643625192012289,Optimism
2021-01-19,1.6448237621719604,0.0794078142091407,0.1863905325443787,Optimism
2021-01-20,1.1852436731317715,0.06424965063044462,0.17123287671232876,Optimism
2021-01-21,1.539133607355915,0.06282910835809456,0.26102580855929436,Optimism
2021-01-22,1.3348297989885682,0.08629801140782094,0.27158505154639173,Optimism
2021-01-25,1.4558618843056237,0.07170730962989223,0.19751064526695053,Optimism
2021-01-26,1.6830236562793714,0.06026663463229395,0.2202046880158468,Optimism
2021-01-27,1.3606227869473921,0.09406312811587657,0.060782411897833816,Optimism
2021-01-28,1.9711744374539588,0.08341810826189429,0.07919204873356846,Optimism
2021-01-29,1.3618639319631942,0.1343863621122938,0.03434529285495247,Optimism
2021-02-01,1.6901468416646606,0.07762197162791037,0.10893246187363835,Optimism
2021-02-02,1.8253033310822804,0.061758489619173816,0.1852776044915783,Optimism
2021-02-03,1.8401923954725308,0.09323481403821894,0.19553926061717078,Optimism
2021-02-04,1.8279620196139585,0.07300959204985114,0.24855666970525675,Optimism
2021-02-05,1.4176112964387981,0.07584063752589651,0.26354534746760894,Optimism
2021-02-08,1.3020429830070073,0.06629996288118868,0.24204009433962265,Optimism
2021-02-09,1.668702835929893,0.06111712648853743,0.3086969427129712,Optimism
2021-02-10,1.4118818167632514,0.07496116900114326,0.24532163742690058,Optimism
2021-02-11,1.5205043443403503,0.06769910449933718,0.207284572105419,Optimism
2021-02-12,1.7373362900864913,0.07367819483407563,0.19096209912536444,Optimism
2021-02-16,1.3764407936524388,0.07094625834078064,0.2405618964003512,Optimism
2021-02-17,1.5035314290634834,0.06502308260306434,0.24166420773089406,Optimism
2021-02-18,1.0908754925233588,0.06802623320603716,0.28776119402985073,Optimism
2021-02-19,1.3144603541121413,0.09718241011688564,0.2129656790847756,Optimism
2021-02-22,1.6718709404888517,0.08579090574149141,0.24977320834593286,Optimism
2021-02-23,1.4154797481923584,0.08450671958058564,0.21628189550425272,Optimism
2021-02-24,1.3812180925343023,0.0830746233979671,0.23245350929814038,Optimism
2021-02-25,1.1548406978386219,0.10194462865407598,0.036824630244491396,Optimism
2021-02-26,1.1182432319325695,0.11797802291365918,0.07243816254416961,Optimism
2021-03-01,1.2377086611378614,0.07368287030347319,0.18113772455089822,Optimism
2021-03-02,1.2201356173514035,0.0711429211409475,0.19787234042553192,Optimism
2021-03-03,1.123502441931725,0.09670627790247738,0.156015601560156,Optimism
2021-03-04,1.1631537777708765,0.10105866967697817,0.12925579993974087,Optimism
2021-03-05,1.2833851603752855,0.10770854442508121,0.13778829095209935,Optimism
2021-03-08,1.3896146924755446,0.10800124920485277,0.10297691373025517,Optimism
2021-03-09,1.5701295035254987,0.08490074980702249,0.10950920245398774,Optimism
2021-03-10,1.2269453372403967,0.0915394168405923,0.14609800362976408,Optimism
2021-03-11,1.4267164852939955,0.07055403129139852,0.17998798076923078,Optimism
2021-03-12,1.0562748948574734,0.08977095730339348,0.15202108963093147,Optimism
2021-03-15,1.1586852868565534,0.10809578219130458,0.1435805778969318,Optimism
2021-03-16,1.255349245819622,0.07785504039886972,0.1471822541966427,Optimism
2021-03-17,1.004314504598961,0.08307010272101575,0.12850812407680945,Optimism
2021-03-18,0.6913574751383107,0.10752894706263,0.06596701649175413,Optimism
2021-03-19,1.0814215865908328,0.11664732171969297,0.13026819923371646,Optimism
2021-03-22,1.2403359071551554,0.09880168080612199,0.16913852950457559,Optimism
2021-03-23,1.075803331288633,0.1089599685037806,0.1112176414189837,Optimism
2021-03-24,1.522793280907655,0.12730463583897195,0.1501425403864428,Optimism
2021-03-25,1.3511027972262664,0.10827253453528553,0.1339058524173028,Optimism
2021-03-26,1.3998470975176738,0.11888530353536667,0.03529044347282948,Optimism
2021-03-29,1.245398370561598,0.09536665138221896,0.12210796915167095,Optimism
2021-03-30,1.27856124803423,0.09214402976357051,0.11323815704088254,Optimism
2021-03-31,1.251637800738373,0.12196812821909234,0.08966177409061901,Optimism
2021-04-01,1.3236835122265782,0.07933043030527419,0.1647765176784523,Optimism
2021-04-05,1.1973716130476972,0.06195998447375673,0.1575637206223105,Optimism
2021-04-06,1.2404348303387995,0.06702530642418529,0.1882943143812709,Optimism
2021-04-07,1.3902839367059374,0.07800026571901265,0.20694214876033057,Optimism
2021-04-08,1.3971666753309682,0.06377145728899034,0.18610090210491145,Optimism
2021-04-09,1.1894405787805264,0.08247379658403664,0.14239897370109045,Optimism
2021-04-12,1.1098139437100885,0.0682131982397927,0.1793736159443214,Optimism
2021-04-13,1.3469262130639614,0.05708676006477611,0.17920699344364657,Optimism
2021-04-14,1.4134171409728766,0.08418749146311622,0.1681442983797004,Optimism
2021-04-15,1.344472817845385,0.07646837742922237,0.1580528846153846,Optimism
2021-04-16,1.0124834763205712,0.07290289063258089,0.12510910677916787,Optimism
2021-04-19,1.3205857675795847,0.0830464638093821,0.1518987341772152,Optimism
2021-04-20,1.524451312672711,0.07744154420062366,0.1906906906906907,Optimism
2021-04-21,1.2964029383608866,0.08380030680648645,0.17559964465501926,Optimism
2021-04-22,1.3557997018628427,0.08663921398304768,0.1531185338456991,Optimism
2021-04-23,1.0801864485031212,0.09702067137990433,0.17100694444444445,Optimism
2021-04-26,1.1103016459964745,0.085652426439587,0.16882734236888627,Optimism
2021-04-27,1.3146055832489958,0.10254461848813656,0.1555886736214605,Optimism
2021-04-28,1.2332942887910676,0.10480340935653445,0.15258215962441316,Optimism
2021-04-29,1.0003652100153937,0.08212131488900754,0.15556865055981142,Optimism
2021-04-30,1.0961750124571883,0.10534778974921795,0.16526285216381062,Optimism
2021-05-03,1.2427443664301732,0.09014437404467361,0.21506325389820535,Optimism
2021-05-04,1.0688258409685525,0.100016565088304,0.16613232293791896,Optimism
2021-05-05,1.4488054306036777,0.09899032226013327,0.18187066974595842,Optimism
2021-05-06,1.5260088342797382,0.09114311565194912,0.1612623045744065,Optimism
2021-05-07,1.2441454432386234,0.09429495960848752,0.19729805797917252,Optimism
2021-05-10,1.3204244519923023,0.10463674134238027,0.1701638401839609,Optimism
2021-05-11,1.3534768565842814,0.09279805947260131,0.10874013446360713,Optimism
2021-05-12,1.25539758237616,0.1168116567252455,0.04517045454545455,Optimism
2021-05-13,1.223718095300318,0.09395348450740391,0.09150889271371199,Optimism
2021-05-14,1.4136527487630361,0.10559868868743175,0.11286681715575621,Optimism
2021-05-17,1.2068765646496313,0.10778010788949192,0.11085316308763785,Optimism
2021-05-18,1.1652351634840947,0.09878570379212527,0.05676470588235294,Optimism
2021-05-19,1.4120438844476064,0.10816334338960922,0.08578008059873345,Optimism
2021-05-20,1.087740864177248,0.07977159497122295,0.1313953488372093,Optimism
2021-05-21,1.2463075222282185,0.1072920321503496,0.14849785407725322,Optimism
2021-05-24,1.4657492544637516,0.0825610729393913,0.1808985421005653,Optimism
2021-05-25,1.6086304484031564,0.08590507034459362,0.16772056609454983,Optimism
2021-05-26,1.1828131800179125,0.0974572923920652,0.18035714285714285,Optimism
2021-05-27,1.4096548022187025,0.10789919859622923,0.1404293381037567,Optimism
2021-05-28,1.4065531071046935,0.10888884650506735,0.11205383265067291,Optimism
2021-06-01,0.9774885717571975,0.08894826565093135,0.17374401913875598,Optimism
2021-06-02,1.6355020669669518,0.10650916245892873,0.19589495925143374,Optimism
2021-06-03,1.3242386345853667,0.07505355886771382,0.23000601322910402,Optimism
2021-06-04,1.3828886168704417,0.09424836119047211,0.21982507288629738,Optimism
2021-06-07,1.2699486647582536,0.09728050229820709,0.2083699151302312,Optimism
2021-06-08,1.2267469712222723,0.08385876013027395,0.18823529411764706,Optimism
2021-06-09,1.3635682741173076,0.09232502128762388,0.1525767226404169,Optimism
2021-06-10,1.3473729340813514,0.0865694988320999,0.188401615695326,Optimism
2021-06-11,1.2742293053158924,0.109879709855682,0.12251843448667045,Optimism
2021-06-14,1.1761732595505627,0.08997539572968534,0.17411491584445735,Optimism
2021-06-15,1.2345188760475958,0.09778329787735193,0.1618075801749271,Optimism
2021-06-16,0.9821801474874229,0.11664989334598598,0.1206896551724138,Optimism
2021-06-17,0.5634866653262606,0.117447303363824,0.12682507872888635,Optimism
2021-06-18,1.0164511661722826,0.15058017564597476,0.08514851485148515,Optimism
2021-06-21,1.260525820023863,0.12867581913756482,0.15659422447156893,Optimism
2021-06-22,1.3350460996581375,0.1087552634729685,0.19194671510747804,Optimism
2021-06-23,1.057321159216992,0.12321725229878587,0.162291169451074,Optimism
2021-06-24,1.1846778449229722,0.11080310796807123,0.17378141083863155,Optimism
2021-06-25,1.1477643265222357,0.13402972622749168,0.13925178147268408,Optimism
2021-06-28,1.2499923014502403,0.10877113347458135,0.20333333333333334,Optimism
2021-06-29,1.076330164568163,0.098741201181473,0.19718309859154928,Optimism
2021-06-30,1.2480414423150534,0.139122917702326,0.11762927124281826,Optimism
2021-07-01,1.4795070137603057,0.09710573355068679,0.11911443716869348,Optimism
2021-07-02,1.2681292722358861,0.09389433217700625,0.13771377137713772,Optimism
2021-07-06,1.1194222866463404,0.08336641085096502,0.136089318044659,Optimism
2021-07-07,1.1438654124206853,0.07867961851416455,0.160676532769556,Optimism
2021-07-08,1.0619769246771535,0.08958405331935629,0.10987020827044974,Optimism
2021-07-09,1.1327270907304559,0.0947660779212951,0.10332749562171628,Optimism
2021-07-12,1.1673067824012355,0.0777081085424819,0.1276218611521418,Optimism
2021-07-13,1.0962425814221526,0.08245267553242666,0.10622381807301018,Optimism
2021-07-14,1.3039196492318408,0.09321607903506132,0.06820169046925095,Optimism
2021-07-15,1.3655328076394415,0.08000647150317652,0.13042195337857776,Optimism
2021-07-16,1.1740429778023909,0.11912534980991948,0.0675950101537569,Optimism
2021-07-19,1.1849699485687977,0.1270041355622487,0.046581068975813676,Optimism
2021-07-20,1.0626221926950696,0.09362563933254062,0.09904534606205251,Optimism
2021-07-21,1.032106585126133,0.10259172249829365,0.128023598820059,Optimism
2021-07-22,1.2594732961804587,0.09561016549407303,0.13007159904534607,Optimism
2021-07-23,1.0061437377931806,0.10174109204900043,0.12453478385342112,Optimism
2021-07-26,1.0554464451008958,0.11129159930848623,0.11611582334015794,Optimism
2021-07-27,1.2413712614322816,0.09964468996251426,0.09703028521023228,Optimism
2021-07-28,1.0285942394695413,0.11301770756488752,0.14646754738655945,Optimism
2021-07-29,1.1146474714227717,0.09440282283256489,0.14792387543252594,Optimism
2021-07-30,1.0847430541287126,0.11962377203742199,0.1062815479528884,Optimism
2021-08-02,1.1071967643026412,0.11258282322245995,0.12941847206385404,Optimism
2021-08-03,1.6512023029240024,0.09880735049019887,0.1597804102860445,Optimism
2021-08-04,1.1078455479274314,0.11801212286797101,0.1083617747440273,Optimism
2021-08-05,1.0592664238508545,0.0981019535519064,0.16661870503597123,Optimism
2021-08-06,1.2969724746882183,0.11939706320683335,0.18706047819971872,Optimism
2021-08-09,1.4117433613040553,0.11450918872980186,0.20051487414187644,Optimism
2021-08-10,1.242898351012685,0.10967922872324468,0.18368527625108474,Optimism
2021-08-11,1.266369253019495,0.12295695101648878,0.18925759280089988,Optimism
2021-08-12,1.506090197556449,0.10966827207929222,0.2239819004524887,Optimism
2021-08-13,1.396053983535172,0.12175174102307484,0.15491009681881052,Optimism
2021-08-16,1.2353926018432442,0.11717635046014896,0.166196388261851,Optimism
2021-08-17,0.7542060417244687,0.10343261138054353,0.16859644168314036,Optimism
2021-08-18,0.9182032447692491,0.13515489685542034,0.08490566037735849,Optimism
2021-08-19,1.1647392542349464,0.11092651606445532,0.04312517502100252,Optimism
2021-08-20,1.2096672744066117,0.1215406096415442,0.07813798836242726,Optimism
2021-08-23,1.0449271058729213,0.11438816746357007,0.16540297669194046,Optimism
2021-08-24,1.1266446307001268,0.09986936536722495,0.20466173962478681,Optimism
2021-08-25,1.2053742306474482,0.10733736795559908,0.15158307649201458,Optimism
2021-08-26,1.519664400134376,0.11480800630443438,0.11449729421817147,Optimism
2021-08-27,1.0787741049219983,0.11749276077231144,0.12950041864359477,Optimism
2021-08-30,0.9715066188911535,0.10556457499140118,0.17702552719200887,Optimism
2021-08-31,1.186217903533351,0.09874813909599264,0.17021881216254617,Optimism
2021-09-01,1.2866390645295174,0.1101056176765256,0.14673001676914477,Optimism
2021-09-02,1.2546788925104768,0.10500837523221948,0.15358649789029535,Optimism
2021-09-03,1.2869114497850722,0.12123142898623189,0.129880919412905,Optimism
2021-09-07,0.9961963200303503,0.12202744779184953,0.17824858757062148,Optimism
2021-09-08,1.1863466064514647,0.12233379809361129,0.16412429378531074,Optimism
2021-09-09,1.0796435209320556,0.12263852512918237,0.1327108092812677,Optimism
2021-09-10,1.2405868412253276,0.17302823602898126,0.02359800111049417,Optimism
2021-09-13,1.311121337451439,0.136648311878199,0.08174157303370787,Optimism
2021-09-14,1.1583625040205703,0.14511299421079837,0.13509710104137349,Optimism
2021-09-15,1.1168101249643474,0.14051034390913567,0.15045719035743974,Optimism
2021-09-16,0.7207450756823409,0.1470557446781296,0.12391850404688809,Optimism
2021-09-17,0.9077484606293549,0.15618072210786496,0.07113543091655267,Optimism
2021-09-20,1.1819060401044716,0.15348206907684322,0.051426956767448434,Optimism
2021-09-21,1.1466955348903245,0.13633638361264788,0.12034383954154727,Optimism
2021-09-22,1.1178886806352049,0.14955308065046427,0.1091937765205092,Optimism
2021-09-23,1.153080566094535,0.1267891136850249,0.12014735052422783,Optimism
2021-09-24,1.1811325740268748,0.1451116578167435,0.14597926590081256,Optimism
2021-09-27,0.9780488538556409,0.1418641555731519,0.1568683682248351,Optimism
2021-09-28,1.041993187009326,0.15237586264708824,0.07260155574762317,Optimism
2021-09-29,1.2435437776045726,0.16885424943593882,0.1050228310502283,Optimism
2021-09-30,1.1721181036098736,0.19177825705270088,0.07241777264858627,Optimism
2021-10-01,1.1104490535716252,0.1478238389823707,0.09682254196642685,Optimism
2021-10-04,0.8560050305462841,0.12574290853491576,0.11050394656952034,Optimism
2021-10-05,1.1228271969900565,0.10924601458489347,0.13027522935779817,Optimism
2021-10-06,1.0879871541832535,0.12351489883541504,0.1187762447510498,Optimism
2021-10-07,1.2115657289533244,0.11274186733454894,0.11713600958657878,Optimism
2021-10-08,1.1927705159440216,0.14796741415021153,0.12684365781710916,Optimism
2021-10-11,1.2661522681745763,0.1473890939994038,0.13565426170468187,Optimism
2021-10-12,1.2204871012616592,0.13657568319908345,0.14414957780458384,Optimism
2021-10-13,1.1806772876975684,0.15021657638087502,0.14404267931238884,Optimism
2021-10-14,1.3628336796816582,0.12130061557091631,0.12393538913362702,Optimism
2021-10-15,1.2426190326873898,0.13474882883859454,0.15243025596778834,Optimism
2021-10-18,0.9970506295096402,0.13651784839455394,0.15451285116557084,Optimism
2021-10-19,1.2326316334571024,0.10792447834617037,0.17974533609712762,Optimism
2021-10-20,1.0751554195701984,0.12609757605169664,0.1873006668599594,Optimism
2021-10-21,1.054876902139375,0.10544979363429445,0.19036427732079905,Optimism
2021-10-22,1.1535454240321683,0.12209295655650815,0.14700805523590335,Optimism
2021-10-25,1.1120312766962481,0.13117734982437754,0.17089728453364816,Optimism
2021-10-26,1.0751289007518907,0.09281316728546886,0.16418798334324808,Optimism
2021-10-27,1.2542939505899446,0.10081823599553394,0.10690161527165933,Optimism
2021-10-28,1.3835792980056187,0.1015327686837009,0.1718658034137728,Optimism
2021-10-29,1.3603437818585384,0.10411205245248374,0.16824576514498996,Optimism
2021-11-01,0.9623074832794243,0.07639687463370394,0.18024110555718906,Optimism
2021-11-02,1.1976905487137104,0.06358028372710144,0.21576151121605666,Optimism
2021-11-03,1.4295498198181718,0.0712691559841165,0.17861271676300577,Optimism
2021-11-04,1.0970529531362843,0.0657253903883055,0.19856527977044477,Optimism
2021-11-05,0.958137234497282,0.07256097472701034,0.15240198785201547,Optimism
2021-11-08,1.1097996092950975,0.08231411103828383,0.19708846584546472,Optimism
2021-11-09,1.2787001542921859,0.06626710307916701,0.18223105307976156,Optimism
2021-11-10,1.2073330901570172,0.09417753599978657,0.13604683579592974,Optimism
2021-11-11,1.283685418623527,0.08421787130394522,0.1891891891891892,Optimism
2021-11-12,1.1377929075038333,0.0907974513808777,0.18064153066966798,Optimism
2021-11-15,1.0753206810226852,0.10736330972551206,0.16818960593946317,Optimism
2021-11-16,1.2028350198993116,0.09757767536023237,0.18870642466148085,Optimism
2021-11-17,1.2950801832602807,0.09246466742472118,0.1977304964539007,Optimism
2021-11-18,1.0230288328476305,0.08275261579807132,0.21312410841654778,Optimism
2021-11-19,1.2557426392672097,0.09805170720027302,0.1630708882039787,Optimism
2021-11-22,1.2516219785121747,0.09603129509891678,0.1238399071925754,Optimism
2021-11-23,1.1636679587592256,0.08238504833475009,0.13581695511880318,Optimism
2021-11-24,1.2048130988490304,0.10240105385852574,0.13646855164454702,Optimism
2021-11-26,1.1819721237356384,0.21607956839830275,0.018144571261340357,Optimism
2021-11-29,1.2282108101613916,0.10041277941143094,0.07183478000598623,Optimism
2021-11-30,1.2436130353604817,0.09504650184160386,0.08095094793860969,Optimism
2021-12-01,1.1595409023412642,0.12372862896474718,0.020655060489820007,Optimism
2021-12-02,1.2998803049412369,0.1050844745056186,0.06658739595719382,Optimism
2021-12-03,1.3783267192298503,0.13651715397932107,0.018626309662398137,Optimism
2021-12-06,1.455836340277479,0.12025684729440139,0.04997043169722058,Optimism
2021-12-07,1.4656004519897077,0.08642290263081075,0.09015666568134792,Optimism
2021-12-08,1.165672494053494,0.09769573720364691,0.0989492119089317,Optimism
2021-12-09,1.2283207889034318,0.09297271469338957,0.08810442005339662,Optimism
2021-12-10,1.3388535349678714,0.10953703414216753,0.10093348891481914,Optimism
2021-12-13,0.9502595136137176,0.1149730719441313,0.0983121113414273,Optimism
2021-12-14,0.9752805794046195,0.1141073775100069,0.0851508813863161,Optimism
2021-12-15,0.9598514197579239,0.131555020850885,0.05511111111111111,Optimism
2021-12-16,0.570586472618278,0.10912280628756364,0.04328223624887286,Optimism
2021-12-17,0.9584179282474187,0.12272778636866058,0.0477725674091442,Optimism
2021-12-20,1.0096538335039953,0.13953349715544797,0.05129809196121364,Optimism
2021-12-21,1.1623917055131066,0.11893860445840809,0.0856259659969088,Optimism
2021-12-22,1.042177309086031,0.11842126481257467,0.1164695177434031,Optimism
2021-12-23,0.9150732740615507,0.10742799508026288,0.06062443164595332,Optimism
2021-12-27,0.9358455649047944,0.07987543316158938,0.13986849970113568,Optimism
2021-12-28,0.8744520747276447,0.07802433020647907,0.07063420498948002,Optimism
2021-12-29,1.0088986383287253,0.08848117290042555,0.13051146384479717,Optimism
2021-12-30,1.0317264163732662,0.08620380316045448,0.1025489033787789,Optimism
2021-12-31,0.9625086858421443,0.11459379695010696,0.09058927000879508,Optimism
2022-01-03,1.021914383749267,0.0960467177763016,0.12885326757090013,Correction
2022-01-04,1.1553313593211025,0.0936617748746239,0.1427676894176581,Correction
2022-01-05,1.3274670760195828,0.12150853432202052,0.07590657652120467,Correction
2022-01-06,1.5169961516717265,0.12386823322883012,0.11927451583154011,Correction
2022-01-07,1.4548000414347007,0.1404956108346538,0.12099213551119177,Correction
2022-01-10,1.1730344134264867,0.16687172522153176,0.0912938331318017,Correction
2022-01-11,0.8102136853089199,0.12015876568105842,0.11544319220225403,Correction
2022-01-12,1.0260104986489298,0.12307894685979189,0.14204375187293977,Correction
2022-01-13,1.071508220562433,0.1380291475825473,0.1171522979873836,Correction
2022-01-14,1.4514527423494061,0.18885005689515222,0.09152642456451136,Correction
2022-01-17,1.5957052465267492,0.13971460888587084,0.10968348480100282,Correction
2022-01-18,1.1413040081524328,0.20394193188265286,0.10684273709483794,Correction
2022-01-19,1.0189534750838605,0.20174850511297107,0.0859398724567264,Correction
2022-01-20,1.282153688734268,0.19371456925940908,0.06717557251908397,Correction
2022-01-21,1.4354507891251083,0.18125353976387362,0.027058823529411764,Correction
2022-01-24,1.2599845726414265,0.18014770688867132,0.03258221680876979,Correction
2022-01-25,1.0319905009496986,0.2021002018887054,0.012003693444136657,Correction
2022-01-26,1.171993990378212,0.26301896643743616,0.007543753771876886,Correction
2022-01-27,1.1920963003524014,0.17738521315883568,0.020470516345860067,Correction
2022-01-28,1.2182586145532153,0.20361479096164553,0.006902761104441777,Correction
2022-01-31,1.0952830624644287,0.15899717091076981,0.01608009708737864,Correction
2022-02-01,1.1001356432571747,0.17989131232443636,0.014364303178484108,Correction
2022-02-02,1.2922667427159085,0.15966204691842795,0.011746987951807229,Correction
2022-02-03,1.3126780361048398,0.19598924285474653,0.011012542061792597,Correction
2022-02-04,1.1189126806630643,0.1787696864216864,0.020933014354066987,Correction
2022-02-07,0.85848431797702,0.17134920943771606,0.022276472383277388,Correction
2022-02-08,1.2061297053750688,0.15054501000446818,0.03894899536321484,Correction
2022-02-09,1.2444354753178803,0.13596987139749958,0.04239854633555421,Correction
2022-02-10,1.2657634483153912,0.14372074162256132,0.01924839596700275,Correction
2022-02-11,1.4285926831451874,0.17537640391163076,0.002976190476190476,Correction
2022-02-14,1.6830464770328109,0.17006636529765481,0.024052916416115455,Correction
2022-02-15,1.549848280416503,0.1766766163886417,0.056454073848031736,Correction
2022-02-16,1.4025676972404568,0.1652101650566683,0.05272564789991063,Correction
2022-02-17,1.3456746707694562,0.17621311143564883,0.044862079418005456,Correction
2022-02-18,1.404179759936871,0.24901909623845722,0.029585798816568046,Correction
2022-02-21,1.4272458903451148,0.203102230616167,0.010655473038424281,Correction
2022-02-22,1.4186944947315223,0.20210586129471791,0.05690809494826537,Correction
2022-02-23,1.1775695755906987,0.21012643865343691,0.05842558425584256,Correction
2022-02-24,1.4454079733277987,0.1912511379551378,0.038834951456310676,Correction
2022-02-25,1.4000067846632687,0.20418127029541175,0.035979779958370504,Correction
2022-02-28,1.36021120780991,0.18107799582968737,0.0258751902587519,Correction
2022-03-01,1.1312989134926539,0.15038944209124636,0.023683390464319103,Correction
2022-03-02,1.3212757835906892,0.15932507245138036,0.06976029502151199,Correction
2022-03-03,1.189126695459072,0.14715531729549444,0.06548175865294668,Correction
2022-03-04,1.348142812110126,0.19715592798926979,0.0364695065890285,Correction
2022-03-07,1.0213522650570066,0.2058385112419069,0.046758104738154616,Correction
2022-03-08,1.1854719098478368,0.2076472175913804,0.05380742605412209,Correction
2022-03-09,1.6993519396649055,0.2081545276220995,0.067471371092541,Correction
2022-03-10,1.2836898463631474,0.18822123249234313,0.12985781990521328,Correction
2022-03-11,1.2397257157343742,0.21261541842251241,0.05721393034825871,Correction
2022-03-14,1.2617154952465235,0.21165237857261462,0.04021363493559535,Correction
2022-03-15,1.5050017132016815,0.2621694446643383,0.06449553001277139,Correction
2022-03-16,1.2595724872001295,0.18280242898752805,0.09107922645040549,Correction
2022-03-17,0.9656947513983054,0.17207393081486333,0.06851037083595223,Correction
2022-03-18,1.233395720943888,0.17023784163859218,0.048174286590978825,Correction
2022-03-21,1.297694605249735,0.13794427170046022,0.0897560975609756,Correction
2022-03-22,1.4653904663500137,0.1313356767706612,0.019993444772205833,Correction
2022-03-23,1.2925627862253297,0.15047138312607278,0.10725858716785483,Correction
2022-03-24,1.5723830299061963,0.13153526822162437,0.14655737704918032,Correction
2022-03-25,1.3467055700289108,0.13796349625518486,0.1804438726278546,Correction
2022-03-28,1.2477270969688454,0.12365593596379833,0.2065252854812398,Correction
2022-03-29,1.1084331017166476,0.09828076168563663,0.15871979098628347,Correction
2022-03-30,1.2997701102239372,0.12207010066368282,0.0849967804249839,Correction
2022-03-31,1.5746234538835755,0.1959729902988932,0.05437274811660662,Correction
2022-04-01,1.0116173309078882,0.14786450629663478,0.09330143540669857,Correction
2022-04-04,1.2047844872334117,0.13159241806950422,0.0896044802240112,Correction
2022-04-05,1.2079607379977682,0.13834062806650685,0.08271474019088017,Correction
2022-04-06,1.2490374737165517,0.1619821594276012,0.10108429520811472,Correction
2022-04-07,1.084900721566253,0.14567930707722657,0.13345195729537365,Correction
2022-04-08,1.1491250797763404,0.1683554715931397,0.11142256482130343,Correction
2022-04-11,1.0535038969650312,0.19067850885765164,0.034962540135569035,Correction
2022-04-12,1.418729794468919,0.18526786088059452,0.13203463203463203,Correction
2022-04-13,1.1776625954619393,0.19820956862618433,0.11710432931156849,Correction
2022-04-14,1.30669197014022,0.21060146804951121,0.09455070371706965,Correction
2022-04-15,1.8005023506837292,0.16421543721983897,0.062135922330097085,Correction
2022-04-18,1.0830612895811933,0.1914823082333104,0.24066390041493776,Correction
2022-04-19,1.6161827586628568,0.15066961410216362,0.17254601226993865,Correction
2022-04-20,1.0307354764857388,0.1821690879253357,0.17696097006441833,Correction
2022-04-21,1.3421678216404984,0.16581535078872894,0.23676132003069839,Correction
2022-04-22,1.2945086186502206,0.24155208674099277,0.10246052148365772,Correction
2022-04-25,1.398044135604162,0.22468326336450226,0.09692933777284499,Correction
2022-04-26,1.2750180340004809,0.19325355170078065,0.15826538176426982,Correction
2022-04-27,1.519231341918412,0.2305698091817625,0.13685734974656047,Correction
2022-04-28,1.2354551458892138,0.187445328507329,0.13569321533923304,Correction
2022-04-29,1.3389302568417638,0.2705416725810983,0.04858878170775277,Correction
2022-05-02,1.5687075652261508,0.20208319549064505,0.16799709724238027,Correction
2022-05-03,1.111214519773166,0.2045542493401723,0.19508617528419508,Correction
2022-05-04,1.1121483513653962,0.20345356891502153,0.10516870064608758,Correction
2022-05-05,1.2994255316231818,0.22695782087653357,0.0639386189258312,Correction
2022-05-06,1.3483941959083696,0.24793511176975702,0.11091298145506419,Correction
2022-05-09,1.1874832378003555,0.22100750694743046,0.0918185066095034,Correction
2022-05-10,1.2156387312762318,0.22339180300990472,0.11422413793103449,Correction
2022-05-12,1.3263476113429278,0.24790438928407105,0.1799719887955182,Correction
2022-05-13,1.6179111463648188,0.27350615730765027,0.2098259979529171,Correction
2022-05-16,1.3263780897458943,0.26525166869669464,0.13932427725531174,Correction
2022-05-17,1.2390148092437383,0.259924346170017,0.14250527797325827,Correction
2022-05-18,1.112243906812714,0.3189947002143394,0.09812606473594548,Correction
2022-05-19,1.3297773654916512,0.27472950656859846,0.11310965063991699,Correction
2022-05-20,1.6149776746517366,0.3559296607225287,0.05207296849087894,Correction
2022-05-23,1.421296063388253,0.23719696624282333,0.09371745921555015,Correction
2022-05-24,1.5929603333695406,0.21640934789682506,0.13442389758179232,Correction
2022-05-25,1.0602254782548746,0.22065499527894827,0.16608513607815772,Correction
2022-05-26,1.4476326738524679,0.175780669174596,0.11898911898911899,Correction
2022-05-27,1.2275507209617786,0.16991471994500168,0.12927241962774957,Correction
2022-05-30,1.3609245681835198,0.13376565034747318,0.048014440433213,Correction
2022-05-31,1.0985364790761296,0.18475510583082103,0.11223422795399093,Correction
2022-06-01,0.9909405679230677,0.1806710369058003,0.14082503556187767,Correction
2022-06-02,1.07793678762723,0.16353474524616318,0.18142703477949085,Correction
2022-06-03,1.0791958818322704,0.18660861128166017,0.13058782118972193,Correction
2022-06-06,1.0405483816697967,0.17552622684515123,0.18985976267529667,Correction
2022-06-07,1.1560369271740487,0.16144344986035672,0.2183406113537118,Correction
2022-06-08,1.0280626634132053,0.19929715771434794,0.2360961607463222,Correction
2022-06-09,1.0346063088318502,0.2121201613449615,0.22519913106444606,Correction
2022-06-10,1.3861676565734318,0.2787358450019496,0.23944636678200693,Correction
2022-06-13,1.4212436992961546,0.27399058606380183,0.12616511318242343,Correction
2022-06-14,1.1738303280769466,0.25240795412749717,0.2186773014290462,Correction
2022-06-15,1.0218841606894793,0.325342266116344,0.14795587280986372,Correction
2022-06-16,1.344875633798689,0.32054692294749126,0.16247582205029013,Correction
2022-06-20,,0.2720719322634089,0.0,Correction
2022-06-21,1.2691059790530945,0.27689554197347255,0.21426256077795786,Correction
2022-06-22,1.4509918319719954,0.26675304674797434,0.25156817431495543,Correction
2022-06-23,1.3002200876060217,0.2622710868181354,0.22456492637215528,Correction
2022-06-27,1.3355533644633788,0.23057261202146065,0.21541568495456076,Correction
2022-06-28,1.1816856720807911,0.25318967643665957,0.247766323024055,Correction
2022-06-29,1.1654701240771848,0.2903209478906839,0.1992532247114732,Correction
2022-06-30,1.2898237060174043,0.33813765644796606,0.14744475138121546,Correction
2022-07-01,1.2344255657363945,0.2906853540306334,0.25507246376811593,Correction
2022-07-04,1.81497245660459,0.25751959922654477,0.12764321414840446,Correction
2022-07-05,1.0314467487399819,0.2736163202795386,0.27002967359050445,Correction
2022-07-06,0.882553506902622,0.2629939875795093,0.19365798414496035,Correction
2022-07-07,1.0690024519855847,0.2296866017367655,0.23789712556732223,Correction
2022-07-08,0.9851591660938933,0.2527893832077478,0.23555721207603428,Correction
2022-07-11,1.095929820907955,0.24894498438446427,0.23334587881068874,Correction
2022-07-12,1.144393839608436,0.23708386312411245,0.20702682281828486,Correction
2022-07-13,1.5550789469928465,0.2697189573188681,0.19161456417800662,Correction
2022-07-14,1.2072380228458015,0.265793329171203,0.19296960820212378,Correction
2022-07-15,1.1197081467442134,0.2692542353396104,0.1542270958613371,Correction
2022-07-18,1.3290701571282209,0.20921953048759703,0.25746956842493546,Correction
2022-07-19,1.3148483053225655,0.1562330032816304,0.195095168374817,Correction
2022-07-20,1.0641438187235872,0.15874800916607723,0.24067431850789095,Correction
2022-07-21,1.006341148661735,0.1606997839594374,0.2731182795698925,Correction
2022-07-22,1.1211094325346571,0.1827597051688712,0.29014084507042254,Correction
2022-07-25,1.4067320298559738,0.1096979214828537,0.2681365576102418,Correction
2022-07-26,1.17616148406043,0.04175460779861334,0.24287280701754385,Correction
2022-07-27,1.2846337360161961,0.0476974023909541,0.13395638629283488,Correction
2022-07-28,1.2250381138274327,0.03145831271203955,0.22798982188295167,Correction
2022-07-29,1.119515799933132,0.03619338771334234,0.19141914191419143,Correction
2022-08-01,1.4657218417305216,0.0355032778967812,0.2975909305621162,Correction
2022-08-02,1.4086464975728006,0.035024432685160534,0.24952380952380954,Correction
2022-08-03,1.2264483113432112,0.03686459417696623,0.21187214611872146,Correction
2022-08-04,1.2805539664825425,0.030793773492541844,0.33271974229176254,Correction
2022-08-05,1.3964844981023508,0.029897685962562055,0.30834448906738066,Correction
2022-08-08,1.19634710611092,0.0340042582331383,0.2733363108530594,Correction
2022-08-09,1.375324311250852,0.034701436319400675,0.30710431654676257,Correction
2022-08-10,1.3571225446225446,0.04091063417029312,0.22498926577930442,Correction
2022-08-11,1.4221118054057225,0.03683921732326813,0.33134073441502987,Correction
2022-08-12,1.4328808301292386,0.03570120589224278,0.17635107679804957,Correction
2022-08-15,1.177765824504982,0.036235636696278314,0.273172723560637,Correction
2022-08-16,1.5305394772135115,0.03364547648171287,0.35429510891903,Correction
2022-08-17,1.2580278439816117,0.04107457615931513,0.3281061519903498,Correction
2022-08-18,1.4825760163990434,0.037055818081390385,0.31729572791372873,Correction
2022-08-19,1.21057245134314,0.04109910466917639,0.30024213075060535,Correction
2022-08-22,1.3117670371929226,0.05863516968052844,0.2015177065767285,Correction
2022-08-23,1.2222166707622846,0.04955822381580173,0.3017649591046061,Correction
2022-08-24,1.1399437711245002,0.0467935700542327,0.32978723404255317,Correction
2022-08-25,1.1653620863125602,0.0431840776550955,0.35951134380453753,Correction
2022-08-26,1.2360946669343058,0.08217671378259002,0.15,Correction
2022-08-29,1.6265848831528475,0.059497468635713216,0.29640591966173363,Correction
2022-08-30,1.399318028120112,0.07373799851585806,0.2595097210481826,Correction
2022-08-31,1.3316048012927302,0.08163932414991536,0.19227574750830564,Correction
2022-09-01,1.2520461298805072,0.0830841866620058,0.30091819699499167,Correction
2022-09-02,1.3788573657552812,0.08340288818130324,0.2498982498982499,Correction
2022-09-05,1.411609534307648,0.08036090802719302,0.08977125593439793,Correction
2022-09-06,1.4144390675248517,0.0766174312810103,0.24845233182005777,Correction
2022-09-07,1.3630037742578616,0.07309654739606332,0.21864548494983277,Correction
2022-09-08,1.4602522097773836,0.06165183790406918,0.24831365935919056,Correction
2022-09-09,1.5099846798534509,0.06044724768983055,0.2791734197730956,Correction
2022-09-12,1.2821097279967162,0.0488527147960454,0.32744453574363186,Correction
2022-09-13,1.6900689027551292,0.09111780852530703,0.20585808580858087,Correction
2022-09-14,1.4128695579825756,0.06024663826984385,0.15591182364729458,Correction
2022-09-15,1.1764956208040478,0.07749124698872946,0.11878787878787879,Correction
2022-09-16,1.702145384564029,0.07400064298240097,0.14064914992272023,Correction
2022-09-19,1.4846048641644063,0.05829429844849756,0.1814874696847211,Correction
2022-09-20,1.33775161997631,0.063750515190572,0.16755210461789946,Correction
2022-09-21,1.1877456266883872,0.07730985114266373,0.13887783525666533,Correction
2022-09-22,1.472261671891887,0.0720216153367487,0.1801514547628537,Correction
2022-09-23,1.5266045345766628,0.08922895122827118,0.13559322033898305,Correction
2022-09-26,1.2889639023203479,0.07248085329915883,0.13976891539321654,Correction
2022-09-27,1.3496194001631263,0.07585744674193207,0.17721518987341772,Correction
2022-09-28,1.386046989533365,0.07303642183159757,0.18670541227751544,Correction
2022-09-29,1.2960320864719068,0.09209100372990932,0.17578947368421052,Correction
2022-09-30,1.2807076434166706,0.09670635882238575,0.17288135593220338,Correction
2022-10-03,1.6037773242576885,0.07839405409738556,0.17064606741573032,Correction
2022-10-04,1.450734382913609,0.16952945881625803,0.157514450867052,Correction
2022-10-05,1.2129424200434589,0.18711354126796745,0.14702741189035243,Correction
2022-10-06,1.2411839243740583,0.20778492650592184,0.15224534501642936,Correction
2022-10-07,1.3228312035638248,0.24396328640622775,0.15516039051603905,Correction
2022-10-10,1.4838392856275482,0.24674267393297902,0.1755994358251058,Correction
2022-10-11,1.2113369446116333,0.2079037216632145,0.1629735525375268,Correction
2022-10-12,1.485272664769543,0.22749964781523874,0.24427211843496652,Correction
2022-10-13,1.5900680100020432,0.16996419069716748,0.21924568205851253,Correction
2022-10-14,1.3200775848291202,0.22724305329333602,0.16552197802197802,Correction
2022-10-17,1.3813351471721331,0.17967092404641083,0.22140091517071453,Correction
2022-10-18,1.1945100260060555,0.15697552306543547,0.19518332135154565,Correction
2022-10-19,1.4596064366128967,0.16661548673278723,0.21032166843407565,Correction
2022-10-20,1.2896717984995438,0.19497820043566383,0.20518358531317496,Correction
2022-10-21,1.413594708845944,0.17386581994645361,0.23361522198731502,Correction
2022-10-24,1.2527279127067934,0.12566716217581428,0.1978746793697325,Correction
2022-10-25,1.3542163324877254,0.10326470542113862,0.22519509476031216,Correction
2022-10-26,1.3789693879711027,0.12006078620634428,0.26136363636363635,Correction
2022-10-27,1.4562652374865297,0.12104602293754306,0.229081442915582,Correction
2022-10-28,1.337529996499825,0.1400574807026892,0.17385057471264367,Correction
2022-10-31,1.0672130117497105,0.12673614410274048,0.20950965824665677,Correction
2022-11-01,1.276244380779354,0.09235997942751381,0.23160660660660662,Correction
2022-11-02,1.0371229934238282,0.16327669062799177,0.17508293402137856,Correction
2022-11-03,1.559534682693719,0.13909123859749267,0.23039762170196953,Correction
2022-11-04,1.3796841928210792,0.1677472526638159,0.20717131474103587,Correction
2022-11-07,1.199075895119249,0.13957474515130258,0.23622336517266715,Correction
2022-11-08,1.2412279030453353,0.12160262908459898,0.1927888153053716,Correction
2022-11-09,1.3050610571152046,0.15811987562843713,0.24577186038143217,Correction
2022-11-10,1.0865245178264382,0.12299279456119773,0.17203539823008848,Correction
2022-11-11,1.0905981770998086,0.12738118201073517,0.18156996587030716,Correction
2022-11-14,1.1545207589452129,0.12914288276539015,0.23513421678559293,Correction
2022-11-15,1.069566180048849,0.1227746640513485,0.198148782996229,Correction
2022-11-16,1.3410725550926141,0.14601777098132948,0.2210953346855984,Correction
2022-11-17,1.2862643957036877,0.1451159268200828,0.2495697074010327,Correction
2022-11-18,1.0141510615288292,0.16886675359055459,0.22287087912087913,Correction
2022-11-21,1.1765554551098583,0.1624418053012475,0.26995388435615464,Correction
2022-11-22,1.2689652019138131,0.14140733466849803,0.28700687658342383,Correction
2022-11-23,1.0141792809582595,0.16751715950882554,0.208853980721171,Correction
2022-11-24,1.138189667015397,0.14402449642917797,0.13605697151424287,Correction
2022-11-25,1.411896761788141,0.23353338371657345,0.12255965292841649,Correction
2022-11-28,1.1431122509086895,0.1682678877550409,0.38156445097319136,Correction
2022-11-29,1.2000403915944684,0.18512483503637667,0.4255874673629243,Correction
2022-11-30,1.2643493965728194,0.16412827070204097,0.20368324125230203,Correction
2022-12-01,1.0295555110995074,0.1468358248965788,0.3297452457839971,Correction
2022-12-02,1.1916255390187394,0.15320128377131007,0.32600212841433135,Correction
2022-12-05,1.0120544670828155,0.18963760505277827,0.3389708528247571,Correction
2022-12-06,1.1355489476713505,0.22194518434046578,0.26502145922746784,Correction
2022-12-07,1.0478013278052076,0.21194452739360176,0.32147887323943664,Correction
2022-12-08,0.8922421640081106,0.20325345935509803,0.20290883291947498,Correction
2022-12-09,1.2111527283232277,0.2166269993308868,0.2851063829787234,Correction
2022-12-12,1.2662581923928298,0.16263654863845778,0.26336562612127734,Correction
2022-12-13,0.9676136629615567,0.18814465519378323,0.304519368723099,Correction
2022-12-14,0.9464249354848927,0.2450562962590265,0.2742753623188406,Correction
2022-12-15,1.1988907145475693,0.26800452000485797,0.24151769427216344,Correction
2022-12-19,1.3881804998215759,0.2817703854749274,0.2946026986506747,Correction
2022-12-20,1.1313689786012309,0.2643802632476229,0.3468383188186293,Correction
2022-12-21,1.2812070359625622,0.2511998560341406,0.3051173528280108,Correction
2022-12-22,1.2284830067020955,0.26016710639011015,0.25806451612903225,Correction
2022-12-23,1.139415037004541,0.2675654169812582,0.29004329004329005,Correction
2022-12-26,1.227789039448881,0.23750588243737109,0.10510764035457999,Correction
2022-12-27,1.146795488539435,0.24142800606874334,0.3096013018714402,Correction
2022-12-28,1.3664545202209966,0.2632431620968449,0.32645631067961167,Correction
2022-12-29,1.3639427078590731,0.24615491481029517,0.24888888888888888,Correction
2022-12-30,1.2450240586628167,0.24170155029153098,0.2438334007278609,Correction
